label,file1_char_count,file1_word_count,file1_sentence_count,file1_avg_sentence_length,file1_english_word_ratio,file1_cyrillic_count,file1_arabic_count,file1_chinese_count,file1_script_diversity,file1_unicode_control_chars,file1_number_count,file1_uppercase_word_count,file1_repetition_score,file1_perplexity_score,file1_ttr_ratio,file2_char_count,file2_word_count,file2_sentence_count,file2_avg_sentence_length,file2_english_word_ratio,file2_cyrillic_count,file2_arabic_count,file2_chinese_count,file2_script_diversity,file2_unicode_control_chars,file2_number_count,file2_uppercase_word_count,file2_repetition_score,file2_perplexity_score,file2_ttr_ratio,diff_char_count,ratio_char_count,diff_word_count,ratio_word_count,diff_sentence_count,ratio_sentence_count,diff_avg_sentence_length,diff_english_word_ratio,diff_cyrillic_count,diff_arabic_count,diff_chinese_count,diff_script_diversity,diff_unicode_control_chars,diff_number_count,diff_uppercase_word_count,diff_repetition_score,diff_perplexity_score,ratio_perplexity_score,diff_ttr_ratio,ratio_ttr_ratio,cosine_sim_word_counts
2,9347,1232,1,1232.0,0.29464285714285715,422,181,66,3,94,0,0,0.05032467532467533,1037.4677021125658,1.0,1050,189,1,189.0,0.7724867724867724,0,0,0,0,0,0,0,0.328042328042328,81.72560428525168,1.0,8297,8.901904753426756,1043,6.518518484029003,0,0.9999990000010001,1043.0,-0.4778439153439153,422,181,66,3,94,0,0,-0.2777176527176527,955.7420978273142,12.694524543335366,0.0,0.9999990000010001,0.6666666666666666
1,1697,259,1,259.0,0.7451737451737451,0,0,0,0,0,0,0,0.3281853281853282,113.67552922343629,1.0,8555,1131,1,1131.0,0.2634836427939876,434,182,68,3,112,0,0,0.034482758620689655,990.00314683363,1.0,-6858,0.19836353007617025,-872,0.22900088397082147,0,0.9999990000010001,-872.0,0.4816901023797575,-434,-182,-68,-3,-112,0,0,0.2937025695646385,-876.3276176101938,0.11482340179643495,0.0,0.9999990000010001,0.4015444015444015
2,1011,137,1,137.0,0.7153284671532847,0,0,0,0,2,0,0,0.029197080291970802,90.33885305498065,1.0,1456,204,1,204.0,0.6862745098039216,0,0,0,0,4,0,0,0.19117647058823528,112.89604180046504,1.0,-445,0.6943681313912307,-67,0.6715686241589773,0,0.9999990000010001,-67.0,0.029053957349363113,0,0,0,0,-2,0,0,-0.16197939029626449,-22.557188745484396,0.8001950361949137,0.0,0.9999990000010001,0.5255474452554745
2,874,145,1,145.0,0.8413793103448276,0,0,0,0,0,0,0,0.46206896551724136,34.524114856961035,1.0,1251,167,1,167.0,0.7245508982035929,0,0,0,0,0,0,0,0.0718562874251497,128.30256820030763,1.0,-377,0.6986410865718296,-22,0.8682634678547098,0,0.9999990000010001,-22.0,0.11682841214123474,0,0,0,0,0,0,0,0.39021267809209165,-93.7784533433466,0.2690835816628234,0.0,0.9999990000010001,0.05517241379310345
2,1295,219,1,219.0,0.817351598173516,0,0,0,0,6,0,0,0.2557077625570776,107.41813072466192,1.0,1332,212,1,212.0,0.7641509433962265,0,0,0,0,0,0,0,0.2688679245283019,94.12794005555163,1.0,-37,0.9722222214923256,7,1.0330188630517978,0,0.9999990000010001,7.0,0.053200654777289524,0,0,0,0,6,0,0,-0.013160161971224271,13.290190669110288,1.1411928224507408,0.0,0.9999990000010001,0.4669811320754717
2,2767,447,1,447.0,0.7449664429530202,0,0,0,0,0,0,0,0.39149888143176736,133.519499411443,1.0,1877,281,1,281.0,0.7259786476868327,0,0,0,0,0,0,0,0.3167259786476868,120.90482207784858,1.0,890,1.4741608942599036,166,1.5907473252998316,0,0.9999990000010001,166.0,0.018987795266187435,0,0,0,0,0,0,0,0.07477290278408055,12.614677333594429,1.1043355923483056,0.0,0.9999990000010001,0.6014234875444839
2,1942,298,1,298.0,0.8355704697986577,0,0,0,0,0,0,0,0.33221476510067116,103.46993360689184,1.0,1993,307,1,307.0,0.8143322475570033,0,0,0,0,0,0,0,0.36482084690553745,104.10818980217987,1.0,-51,0.974410436038931,-9,0.9706840359261106,0,0.9999990000010001,-9.0,0.021238222241654392,0,0,0,0,0,0,0,-0.032606081804866294,-0.6382561952880224,0.993869289338619,0.0,0.9999990000010001,0.7919463087248322
1,2011,298,1,298.0,0.7550335570469798,0,0,0,0,0,0,0,0.26174496644295303,138.46889938523498,1.0,2063,320,1,320.0,0.775,0,0,0,0,0,0,0,0.2875,152.6221593902805,1.0,-52,0.9747939888634057,-22,0.9312499970898438,0,0.9999990000010001,-22.0,-0.01996644295302019,0,0,0,0,0,0,0,-0.025755033557046947,-14.153260005045524,0.9072660158337869,0.0,0.9999990000010001,0.7583892617449665
2,8801,1198,1,1198.0,0.31969949916527546,417,154,52,3,83,0,0,0.06928213689482471,959.0274937945883,1.0,1309,218,1,218.0,0.7798165137614679,0,0,0,0,2,0,0,0.3256880733944954,95.70020502580901,1.0,7492,6.723453012434336,980,5.495412818828382,0,0.9999990000010001,980.0,-0.4601170145961924,417,154,52,3,81,0,0,-0.2564059364996707,863.3272887687792,10.021164359206834,0.0,0.9999990000010001,0.7889908256880734
2,1721,274,1,274.0,0.7737226277372263,0,0,0,0,0,0,0,0.3248175182481752,113.81474462208662,1.0,1735,271,1,271.0,0.7416974169741697,0,0,0,0,0,0,0,0.33948339483394835,115.37805253042514,1.0,-14,0.9919308351631522,3,1.011070106970221,0,0.9999990000010001,3.0,0.032025210763056644,0,0,0,0,0,0,0,-0.014665876585773174,-1.5633079083385155,0.986450552245395,0.0,0.9999990000010001,0.8302583025830258
1,1465,242,1,242.0,0.7479338842975206,0,0,0,0,0,0,0,0.45454545454545453,80.62818992629623,1.0,8652,1118,1,1118.0,0.26565295169946335,407,184,71,3,92,0,0,0.03756708407871199,974.8738199892305,1.0,-7187,0.16932501153845064,-876,0.21645796045039536,0,0.9999990000010001,-876.0,0.48228093259805727,-407,-184,-71,-3,-92,0,0,0.4169783704667425,-894.2456300629342,0.08270628279307024,0.0,0.9999990000010001,0.3925619834710744
2,9578,1179,1,1179.0,0.22985581000848176,448,177,90,3,106,0,0,0.007633587786259542,1100.1018162473265,1.0,1046,164,1,164.0,0.6585365853658537,0,0,0,0,2,0,0,0.34146341463414637,66.04669949630035,1.0,8532,9.15678775415221,1015,7.189024346408388,0,0.9999990000010001,1015.0,-0.4286807753573719,448,177,90,3,104,0,0,-0.3338298268478868,1034.0551167510262,16.656423530331384,0.0,0.9999990000010001,0.1402439024390244
2,592,99,1,99.0,0.898989898989899,0,0,0,0,1,0,0,0.04040404040404041,61.06142902298713,1.0,887,136,1,136.0,0.8382352941176471,0,0,0,0,0,0,0,0.058823529411764705,106.0772170385891,1.0,-295,0.667418263058153,-37,0.7279411711180797,0,0.9999990000010001,-37.0,0.06075460487225193,0,0,0,0,1,0,0,-0.018419489007724298,-45.01578801560197,0.5756318854513512,0.0,0.9999990000010001,0.29292929292929293
2,2983,508,1,508.0,0.844488188976378,0,0,0,0,17,0,0,0.38779527559055116,171.16489866339415,1.0,1847,274,1,274.0,0.7116788321167883,0,0,0,0,0,0,0,0.3248175182481752,104.57741822133023,1.0,1136,1.61505143388465,234,1.8540145917736695,0,0.9999990000010001,234.0,0.13280935685958972,0,0,0,0,17,0,0,0.06297775734237598,66.58748044206392,1.6367290370891305,0.0,0.9999990000010001,0.5364963503649635
1,1600,266,1,266.0,0.7368421052631579,0,0,0,0,0,0,0,0.39473684210526316,93.0714826043628,1.0,1610,270,1,270.0,0.762962962962963,0,0,0,0,0,0,0,0.4,90.823288792043,1.0,-10,0.9937888192585161,-4,0.9851851815363512,0,0.9999990000010001,-4.0,-0.0261208576998051,0,0,0,0,0,0,0,-0.0052631578947368585,2.2481938123197978,1.0247534835774774,0.0,0.9999990000010001,0.9285714285714286
2,1728,258,1,258.0,0.7713178294573644,0,0,0,0,6,0,0,0.2131782945736434,155.11759174113524,1.0,899,132,1,132.0,0.6818181818181818,0,0,0,0,0,0,0,0.14393939393939395,88.04420367485078,1.0,829,1.9221357042022962,126,1.9545454397382922,0,0.9999990000010001,126.0,0.08949964763918261,0,0,0,0,6,0,0,0.06923890063424945,67.07338806628447,1.76181490098057,0.0,0.9999990000010001,0.4772727272727273
2,1739,257,1,257.0,0.7626459143968871,0,0,0,0,12,0,0,0.3229571984435798,116.06328824576865,1.0,1058,164,1,164.0,0.7195121951219512,0,0,0,0,0,0,0,0.39634146341463417,67.68503443860463,1.0,681,1.6436672952328284,93,1.5670731611763833,0,0.9999990000010001,93.0,0.04313371927493592,0,0,0,0,12,0,0,-0.07338426497105438,48.378253807164015,1.7147555215664576,0.0,0.9999990000010001,0.5365853658536586
2,1802,291,1,291.0,0.8797250859106529,0,0,0,0,9,0,0,0.3127147766323024,142.8817276360957,1.0,1163,188,1,188.0,0.7872340425531915,0,0,0,0,0,0,0,0.22340425531914893,90.3392044936427,1.0,639,1.549441099269612,103,1.5478723321921686,0,0.9999990000010001,103.0,0.09249104335746139,0,0,0,0,9,0,0,0.08931052131315348,52.54252314245299,1.581613728561632,0.0,0.9999990000010001,0.42021276595744683
2,792,133,1,133.0,0.8872180451127819,0,0,0,0,4,0,0,0.08270676691729323,87.00687264199746,1.0,848,136,1,136.0,0.8676470588235294,0,0,0,0,0,0,0,0.17647058823529413,83.07887185955843,1.0,-56,0.9339622630495729,-3,0.9779411692798443,0,0.9999990000010001,-3.0,0.019570986289252468,0,0,0,0,4,0,0,-0.0937638213180009,3.928000782439028,1.0472803692110648,0.0,0.9999990000010001,0.3458646616541353
2,1997,301,1,301.0,0.7342192691029901,0,0,0,0,0,0,0,0.3787375415282392,95.01326447920452,1.0,1973,301,1,301.0,0.7408637873754153,0,0,0,0,0,0,0,0.3853820598006645,93.87317995506221,1.0,24,1.0121642164155276,0,0.9999999966777409,0,0.9999990000010001,0.0,-0.006644518272425182,0,0,0,0,0,0,0,-0.006644518272425293,1.1400845241423099,1.0121449333296597,0.0,0.9999990000010001,0.8770764119601329
1,1716,271,1,271.0,0.7896678966789668,0,0,0,0,0,0,0,0.3837638376383764,99.5010139641788,1.0,40482,5013,1,5013.0,0.2990225413923798,1809,687,284,3,318,0,0,0.052264113305405945,4015.217880053657,1.0,-38766,0.04238921001822071,-4742,0.05405944543106733,0,0.9999990000010001,-4742.0,0.4906453552865869,-1809,-687,-284,-3,-318,0,0,0.3314997243329705,-3915.7168660894786,0.02478097500852635,0.0,0.9999990000010001,0.7343173431734318
2,2500,362,1,362.0,0.8093922651933702,0,0,0,0,13,0,0,0.22099447513812154,187.63655885036476,1.0,2191,327,1,327.0,0.764525993883792,0,0,0,0,6,0,0,0.3119266055045872,154.5787651196434,1.0,309,1.141031491948411,35,1.1070336357583068,0,0.9999990000010001,35.0,0.0448662713095781,0,0,0,0,7,0,0,-0.09093213036646564,33.05779373072136,1.213857268760541,0.0,0.9999990000010001,0.5259938837920489
1,2593,391,1,391.0,0.7953964194373402,0,0,0,0,0,0,0,0.2813299232736573,169.2714077207592,1.0,2781,409,1,409.0,0.8019559902200489,0,0,0,0,10,0,0,0.25183374083129584,188.07186602840528,1.0,-188,0.9323984175000366,-18,0.9559902177115154,0,0.9999990000010001,-18.0,-0.006559570782708746,0,0,0,0,-10,0,0,0.029496182442361463,-18.800458307646068,0.9000357703430117,0.0,0.9999990000010001,0.6240409207161125
1,2120,337,1,337.0,0.7477744807121661,0,0,0,0,0,0,0,0.37091988130563797,121.31767989732424,1.0,1978,302,1,302.0,0.7284768211920529,0,0,0,0,0,0,0,0.3509933774834437,112.60235843436926,1.0,142,1.0717896860102174,35,1.115894036040086,0,0.9999990000010001,35.0,0.019297659520113197,0,0,0,0,0,0,0,0.01992650382219424,8.715321462954975,1.0773990927608825,0.0,0.9999990000010001,0.7748344370860927
2,1985,316,1,316.0,0.8449367088607594,0,0,0,0,8,0,0,0.28164556962025317,130.78637087711547,1.0,784,123,1,123.0,0.8048780487804879,0,0,0,0,0,0,0,0.18699186991869918,68.19199490431276,1.0,1201,2.531887751872592,193,2.5691056701698725,0,0.9999990000010001,193.0,0.04005866008027159,0,0,0,0,8,0,0,0.09465369970155399,62.59437597280271,1.9179138129441957,0.0,0.9999990000010001,0.5447154471544715
1,753,115,1,115.0,0.7652173913043478,0,0,0,0,0,0,0,0.2,60.557809329855516,1.0,1430,238,1,238.0,0.8319327731092437,0,0,0,0,9,0,0,0.18067226890756302,130.3013615081773,1.0,-677,0.5265734262051933,-123,0.48319327528070055,0,0.9999990000010001,-123.0,-0.06671538180489589,0,0,0,0,-9,0,0,0.01932773109243699,-69.74355217832179,0.46475192710325725,0.0,0.9999990000010001,0.4956521739130435
2,1617,232,1,232.0,0.7586206896551724,0,0,0,0,10,0,0,0.27155172413793105,124.7577513386292,1.0,1626,250,1,250.0,0.728,0,0,0,0,8,0,0,0.312,104.99081612907956,1.0,-9,0.9944649440378444,-18,0.927999996288,0,0.9999990000010001,-18.0,0.030620689655172395,0,0,0,0,2,0,0,-0.04044827586206895,19.766935209549644,1.188272981867047,0.0,0.9999990000010001,0.44396551724137934
2,3123,513,1,513.0,0.7699805068226121,0,0,0,0,0,0,0,0.4171539961013645,154.0353124980872,1.0,2789,471,1,471.0,0.772823779193206,0,0,0,0,0,0,0,0.40764331210191085,137.09259609425854,1.0,334,1.119756184611059,42,1.0891719722098259,0,0.9999990000010001,42.0,-0.0028432723705938967,0,0,0,0,0,0,0,0.00951068399945365,16.942716403828655,1.1235859248634674,0.0,0.9999990000010001,0.7579617834394905
1,1626,250,1,250.0,0.728,0,0,0,0,8,0,0,0.312,104.99081612907956,1.0,1617,232,1,232.0,0.7586206896551724,0,0,0,0,10,0,0,0.27155172413793105,124.7577513386292,1.0,9,1.0055658620868484,18,1.0775862022517837,0,0.9999990000010001,18.0,-0.030620689655172395,0,0,0,0,-2,0,0,0.04044827586206895,-19.766935209549644,0.8415574516291672,0.0,0.9999990000010001,0.44396551724137934
1,945,143,1,143.0,0.8181818181818182,0,0,0,0,0,0,0,0.11188811188811189,79.04488864808127,1.0,1530,217,1,217.0,0.7788018433179723,0,0,0,0,11,0,0,0.22580645161290322,113.40471982958569,1.0,-585,0.6176470584198385,-74,0.6589861720784047,0,0.9999990000010001,-74.0,0.039379974863845923,0,0,0,0,-11,0,0,-0.11391833972479133,-34.35983118150442,0.6970158567460586,0.0,0.9999990000010001,0.6503496503496503
1,899,132,1,132.0,0.6818181818181818,0,0,0,0,0,0,0,0.14393939393939395,88.04420367485078,1.0,1728,258,1,258.0,0.7713178294573644,0,0,0,0,6,0,0,0.2131782945736434,155.11759174113524,1.0,-829,0.5202546293285563,-126,0.5116279049936903,0,0.9999990000010001,-126.0,-0.08949964763918261,0,0,0,0,-6,0,0,-0.06923890063424945,-67.07338806628447,0.5675965061021899,0.0,0.9999990000010001,0.4772727272727273
2,1774,264,1,264.0,0.7954545454545454,0,0,0,0,4,0,0,0.10227272727272728,156.2812385596277,1.0,1869,255,1,255.0,0.7372549019607844,0,0,0,0,1,0,0,0.12941176470588237,154.99573943639464,1.0,-95,0.9491706789999086,9,1.035294113587082,0,0.9999990000010001,9.0,0.058199643493761055,0,0,0,0,3,0,0,-0.027139037433155086,1.285499123233052,1.0082937642003174,0.0,0.9999990000010001,0.34509803921568627
1,1270,187,1,187.0,0.7165775401069518,0,0,0,0,0,0,0,0.1925133689839572,104.76113858690367,1.0,1657,267,1,267.0,0.7827715355805244,0,0,0,0,4,0,0,0.23220973782771537,137.33619390155556,1.0,-387,0.7664453827601415,-80,0.7003745292120804,0,0.9999990000010001,-80.0,-0.06619399547357252,0,0,0,0,-4,0,0,-0.039696368843758156,-32.57505531465189,0.7628079302910487,0.0,0.9999990000010001,0.6363636363636364
2,1576,255,1,255.0,0.8117647058823529,0,0,0,0,6,0,0,0.24313725490196078,125.44719758253757,1.0,772,117,1,117.0,0.717948717948718,0,0,0,0,3,0,0,0.18803418803418803,74.13474594223206,1.0,804,2.041450774557706,138,2.1794871608590842,0,0.9999990000010001,138.0,0.09381598793363499,0,0,0,0,3,0,0,0.05510306686777275,51.31245164030551,1.6921511539020921,0.0,0.9999990000010001,0.6923076923076923
2,1991,317,1,317.0,0.8359621451104101,0,0,0,0,9,0,0,0.3217665615141956,136.2377776858382,1.0,1314,209,1,209.0,0.7990430622009569,0,0,0,0,0,0,0,0.23923444976076555,110.70790003272909,1.0,677,1.5152206989990709,108,1.5167464042260939,0,0.9999990000010001,108.0,0.03691908290945323,0,0,0,0,9,0,0,0.08253211175343003,25.529877653109125,1.2306057328786462,0.0,0.9999990000010001,0.41626794258373206
2,1030,150,1,150.0,0.7733333333333333,0,0,0,0,2,0,0,0.0,116.32534780502286,1.0,1218,175,1,175.0,0.7428571428571429,0,0,0,0,3,0,0,0.0,118.33016129190283,1.0,-188,0.845648603575001,-25,0.857142852244898,0,0.9999990000010001,-25.0,0.030476190476190435,0,0,0,0,-1,0,0,0.0,-2.004813486879968,0.9830574517261762,0.0,0.9999990000010001,0.5266666666666666
1,772,117,1,117.0,0.717948717948718,0,0,0,0,3,0,0,0.18803418803418803,74.13474594223206,1.0,1576,255,1,255.0,0.8117647058823529,0,0,0,0,6,0,0,0.24313725490196078,125.44719758253757,1.0,-804,0.4898477154252235,-138,0.45882352761245676,0,0.9999990000010001,-138.0,-0.09381598793363499,0,0,0,0,-3,0,0,-0.05510306686777275,-51.31245164030551,0.5909637423545601,0.0,0.9999990000010001,0.6923076923076923
1,1063,157,1,157.0,0.7834394904458599,0,0,0,0,0,0,0,0.27388535031847133,82.0261882796092,1.0,1856,268,1,268.0,0.7649253731343284,0,0,0,0,12,0,0,0.23134328358208955,132.54178193834684,1.0,-793,0.5727370686569304,-111,0.5858208933364892,0,0.9999990000010001,-111.0,0.01851411731153152,0,0,0,0,-12,0,0,0.04254206673638178,-50.51559365873764,0.6188704155108923,0.0,0.9999990000010001,0.6050955414012739
2,8973,1167,1,1167.0,0.29220222793487577,470,184,50,3,80,0,0,0.05141388174807198,976.5458080214443,1.0,1502,200,1,200.0,0.69,0,0,0,0,0,0,0,0.365,77.09044242225697,1.0,7471,5.974034616528605,967,5.834999970825001,0,0.9999990000010001,967.0,-0.3977977720651242,470,184,50,3,80,0,0,-0.313586118251928,899.4553655991873,12.667533933778143,0.0,0.9999990000010001,0.71
1,1333,192,1,192.0,0.7916666666666666,0,0,0,0,0,0,0,0.020833333333333332,144.09226570092179,1.0,1683,260,1,260.0,0.8423076923076923,0,0,0,0,1,0,0,0.19615384615384615,134.97009703151267,1.0,-350,0.7920380268615341,-68,0.7384615356213018,0,0.9999990000010001,-68.0,-0.05064102564102568,0,0,0,0,-1,0,0,-0.1753205128205128,9.12216866940912,1.0675865825279263,0.0,0.9999990000010001,0.5364583333333334
1,1385,216,1,216.0,0.7592592592592593,0,0,0,0,0,0,0,0.2916666666666667,111.11731942472798,1.0,9095,1195,1,1195.0,0.2744769874476987,411,172,68,3,89,0,0,0.04435146443514645,1031.107810298681,1.0,-7710,0.1522814733202549,-979,0.18075313792405592,0,0.9999990000010001,-979.0,0.4847822718115606,-411,-172,-68,-3,-89,0,0,0.24731520223152023,-919.990490873953,0.10776498655826847,0.0,0.9999990000010001,0.5555555555555556
1,884,123,1,123.0,0.6991869918699187,0,0,0,0,4,0,0,0.13008130081300814,79.24444939975865,1.0,1630,229,1,229.0,0.7117903930131004,0,0,0,0,6,0,0,0.33624454148471616,97.22895808815773,1.0,-746,0.5423312880108396,-106,0.537117901584638,0,0.9999990000010001,-106.0,-0.012603401143181703,0,0,0,0,-2,0,0,-0.20616324067170802,-17.984508688399075,0.8150292890403931,0.0,0.9999990000010001,0.5772357723577236
2,2130,353,1,353.0,0.7563739376770539,0,0,0,0,2,0,0,0.35410764872521244,121.23320275527217,1.0,1411,234,1,234.0,0.7222222222222222,0,0,0,0,0,0,0,0.2264957264957265,115.33190836195455,1.0,719,1.5095676814248278,119,1.5085470021002265,0,0.9999990000010001,119.0,0.034151715454831644,0,0,0,0,2,0,0,0.12761192222948595,5.901294393317627,1.0511679155054754,0.0,0.9999990000010001,0.7393162393162394
1,887,136,1,136.0,0.8382352941176471,0,0,0,0,0,0,0,0.058823529411764705,106.0772170385891,1.0,592,99,1,99.0,0.898989898989899,0,0,0,0,1,0,0,0.04040404040404041,61.06142902298713,1.0,295,1.4983108082798804,37,1.3737373598612388,0,0.9999990000010001,37.0,-0.06075460487225193,0,0,0,0,-1,0,0,0.018419489007724298,45.01578801560197,1.7372213031803443,0.0,0.9999990000010001,0.29292929292929293
1,1388,197,1,197.0,0.8020304568527918,0,0,0,0,0,0,0,0.2639593908629442,103.9395701779836,1.0,1501,217,1,217.0,0.815668202764977,0,0,0,0,0,0,0,0.2857142857142857,105.42314106407419,1.0,-113,0.9247168548136463,-20,0.9078340971989213,0,0.9999990000010001,-20.0,-0.01363774591218514,0,0,0,0,0,0,0,-0.021754894851341522,-1.4835708860905896,0.9859274552337958,0.0,0.9999990000010001,0.766497461928934
2,804,124,1,124.0,0.7983870967741935,0,0,0,0,2,0,0,0.03225806451612903,99.42722882124768,1.0,1139,158,1,158.0,0.7658227848101266,0,0,0,0,1,0,0,0.05063291139240506,116.97454793912398,1.0,-335,0.7058823523214377,-34,0.7848101216151259,0,0.9999990000010001,-34.0,0.03256431196406695,0,0,0,0,1,0,0,-0.01837484687627603,-17.5473191178763,0.8499902732943361,0.0,0.9999990000010001,0.1774193548387097
2,906,142,1,142.0,0.8169014084507042,0,0,0,0,3,0,0,0.08450704225352113,91.61632389950225,1.0,1203,176,1,176.0,0.7670454545454546,0,0,0,0,2,0,0,0.07386363636363637,125.87069063864126,1.0,-297,0.753117206356511,-34,0.8068181772339876,0,0.9999990000010001,-34.0,0.04985595390524966,0,0,0,0,1,0,0,0.010643405889884758,-34.254366739139016,0.7278606537137419,0.0,0.9999990000010001,0.4647887323943662
1,962,147,1,147.0,0.7891156462585034,0,0,0,0,0,0,0,0.2653061224489796,75.85203875050416,1.0,1371,211,1,211.0,0.7914691943127962,0,0,0,0,8,0,0,0.21800947867298578,120.80426146689328,1.0,-409,0.7016776070739039,-64,0.6966824611531637,0,0.9999990000010001,-64.0,-0.0023535480542927756,0,0,0,0,-8,0,0,0.047296643775993824,-44.952222716389116,0.6278920726931437,0.0,0.9999990000010001,0.5238095238095238
1,2789,471,1,471.0,0.772823779193206,0,0,0,0,0,0,0,0.40764331210191085,137.09259609425854,1.0,3123,513,1,513.0,0.7699805068226121,0,0,0,0,0,0,0,0.4171539961013645,154.0353124980872,1.0,-334,0.8930515527079567,-42,0.9181286531810358,0,0.9999990000010001,-42.0,0.0028432723705938967,0,0,0,0,0,0,0,-0.00951068399945365,-16.942716403828655,0.8900075767103948,0.0,0.9999990000010001,0.7579617834394905
2,8208,1036,1,1036.0,0.22683397683397682,416,186,67,3,90,0,0,0.01447876447876448,965.4420232206709,1.0,2008,326,1,326.0,0.745398773006135,0,0,0,0,0,0,0,0.38650306748466257,122.70938568601268,1.0,6200,4.087649400354756,710,3.177914100681245,0,0.9999990000010001,710.0,-0.5185647961721582,416,186,67,3,90,0,0,-0.37202430300589806,842.7326375346582,7.867711259050071,0.0,0.9999990000010001,0.09815950920245399
1,1847,274,1,274.0,0.7116788321167883,0,0,0,0,0,0,0,0.3248175182481752,104.57741822133023,1.0,2983,508,1,508.0,0.844488188976378,0,0,0,0,17,0,0,0.38779527559055116,171.16489866339415,1.0,-1136,0.6191753266445943,-234,0.5393700776784054,0,0.9999990000010001,-234.0,-0.13280935685958972,0,0,0,0,-17,0,0,-0.06297775734237598,-66.58748044206392,0.610974670782315,0.0,0.9999990000010001,0.5364963503649635
2,8801,1133,1,1133.0,0.263901147396293,409,170,64,3,108,0,0,0.03000882612533098,1002.7829628720642,1.0,1693,265,1,265.0,0.8226415094339623,0,0,0,0,2,0,0,0.3660377358490566,98.36080406670514,1.0,7108,5.198464261548455,868,4.275471681979353,0,0.9999990000010001,868.0,-0.5587403620376693,409,170,64,3,106,0,0,-0.3360289097237256,904.4221588053591,10.19494464479026,0.0,0.9999990000010001,0.38113207547169814
1,1502,200,1,200.0,0.69,0,0,0,0,0,0,0,0.365,77.09044242225697,1.0,8973,1167,1,1167.0,0.29220222793487577,470,184,50,3,80,0,0,0.05141388174807198,976.5458080214443,1.0,-7471,0.16739106205645926,-967,0.17137960568005173,0,0.9999990000010001,-967.0,0.3977977720651242,-470,-184,-50,-3,-80,0,0,0.313586118251928,-899.4553655991873,0.07894196228183713,0.0,0.9999990000010001,0.71
2,8788,1106,1,1106.0,0.26582278481012656,399,181,53,3,89,0,0,0.017179023508137433,1008.4464126148267,1.0,1635,247,1,247.0,0.7773279352226721,0,0,0,0,2,0,0,0.3117408906882591,106.98081870728123,1.0,7153,5.374923544113196,859,4.477732775393794,0,0.9999990000010001,859.0,-0.5115051504125455,399,181,53,3,87,0,0,-0.2945618671801217,901.4655939075456,9.426422562232348,0.0,0.9999990000010001,0.22267206477732793
1,1684,261,1,261.0,0.7969348659003831,0,0,0,0,0,0,0,0.3103448275862069,111.58408713348982,1.0,8418,1100,1,1100.0,0.3145454545454546,380,145,49,3,101,0,0,0.04181818181818182,949.2299967383137,1.0,-6734,0.2000475172012298,-839,0.23727272705702476,0,0.9999990000010001,-839.0,0.4823894113549285,-380,-145,-49,-3,-101,0,0,0.2685266457680251,-837.6459096048239,0.11755221326691745,0.0,0.9999990000010001,0.4904214559386973
2,1410,201,1,201.0,0.7761194029850746,0,0,0,0,0,0,0,0.32338308457711445,88.98133411356505,1.0,1419,203,1,203.0,0.7684729064039408,0,0,0,0,0,0,0,0.29064039408866993,93.71286243362671,1.0,-9,0.9936575045851602,-2,0.9901477783736563,0,0.9999990000010001,-2.0,0.00764649658113381,0,0,0,0,0,0,0,0.032742690488444526,-4.731528320061656,0.949510353790301,0.0,0.9999990000010001,0.8208955223880597
1,1413,209,1,209.0,0.6555023923444976,0,0,0,0,0,0,0,0.20574162679425836,106.52380033035594,1.0,1765,268,1,268.0,0.6865671641791045,0,0,0,0,2,0,0,0.2798507462686567,110.63885588216654,1.0,-352,0.8005665717843815,-59,0.7798507433587659,0,0.9999990000010001,-59.0,-0.031064771834606875,0,0,0,0,-2,0,0,-0.07410911947439833,-4.115055551810599,0.9628064075517949,0.0,0.9999990000010001,0.8277511961722488
1,1693,265,1,265.0,0.8226415094339623,0,0,0,0,2,0,0,0.3660377358490566,98.36080406670514,1.0,8801,1133,1,1133.0,0.263901147396293,409,170,64,3,108,0,0,0.03000882612533098,1002.7829628720642,1.0,-7108,0.1923645040117754,-868,0.23389232106452573,0,0.9999990000010001,-868.0,0.5587403620376693,-409,-170,-64,-3,-106,0,0,0.3360289097237256,-904.4221588053591,0.09808782918180298,0.0,0.9999990000010001,0.38113207547169814
1,1444,211,1,211.0,0.7109004739336493,0,0,0,0,0,0,0,0.27014218009478674,101.84212396367745,1.0,1460,213,1,213.0,0.7089201877934272,0,0,0,0,0,0,0,0.2535211267605634,106.5658693607491,1.0,-16,0.9890410952129854,-2,0.990610323987745,0,0.9999990000010001,-2.0,0.001980286140222054,0,0,0,0,0,0,0,0.016621053334223368,-4.723745397071653,0.9556729900381734,0.0,0.9999990000010001,0.8436018957345972
2,69,9,1,9.0,0.5555555555555556,0,0,0,0,0,0,0,0.0,6.613805215240195,1.0,1219,188,1,188.0,0.8085106382978723,0,0,0,0,0,0,0,0.047872340425531915,135.5947008253863,1.0,-1150,0.056603773538471056,-179,0.04787234017089181,0,0.9999990000010001,-179.0,-0.2529550827423167,0,0,0,0,0,0,0,-0.047872340425531915,-128.9808956101461,0.04877628053459789,0.0,0.9999990000010001,0.1111111111111111
1,1402,198,1,198.0,0.7424242424242424,0,0,0,0,0,0,0,0.24242424242424243,97.97436368586416,1.0,2413,344,1,344.0,0.7616279069767442,0,0,0,0,8,0,0,0.29651162790697677,151.28799504165133,1.0,-1011,0.5810194775876422,-146,0.5755813936756354,0,0.9999990000010001,-146.0,-0.019203664552501776,0,0,0,0,-8,0,0,-0.05408738548273434,-53.313631355787166,0.6476017017165769,0.0,0.9999990000010001,0.6717171717171717
1,1159,170,1,170.0,0.7764705882352941,0,0,0,0,2,0,0,0.2411764705882353,91.55216371015565,1.0,2187,364,1,364.0,0.7472527472527473,0,0,0,0,8,0,0,0.4258241758241758,135.01779581960318,1.0,-1028,0.5299497025468909,-194,0.46703296574990943,0,0.9999990000010001,-194.0,0.029217840982546872,0,0,0,0,-6,0,0,-0.1846477052359405,-43.465632109447526,0.678074786188951,0.0,0.9999990000010001,0.6
1,2145,311,1,311.0,0.7877813504823151,0,0,0,0,6,0,0,0.2990353697749196,136.0965768600995,1.0,2896,443,1,443.0,0.8284424379232506,0,0,0,0,10,0,0,0.30699774266365687,176.28639226085042,1.0,-751,0.7406767953243519,-132,0.7020316011240821,0,0.9999990000010001,-132.0,-0.04066108744093544,0,0,0,0,-4,0,0,-0.007962372888737246,-40.189815400750916,0.7720197477675876,0.0,0.9999990000010001,0.7652733118971061
1,1139,158,1,158.0,0.7658227848101266,0,0,0,0,1,0,0,0.05063291139240506,116.97454793912398,1.0,804,124,1,124.0,0.7983870967741935,0,0,0,0,2,0,0,0.03225806451612903,99.42722882124768,1.0,335,1.4166666649046435,34,1.2741935381113425,0,0.9999990000010001,34.0,-0.03256431196406695,0,0,0,0,-1,0,0,0.01837484687627603,17.5473191178763,1.1764840290675223,0.0,0.9999990000010001,0.1774193548387097
1,1309,218,1,218.0,0.7798165137614679,0,0,0,0,2,0,0,0.3256880733944954,95.70020502580901,1.0,8801,1198,1,1198.0,0.31969949916527546,417,154,52,3,83,0,0,0.06928213689482471,959.0274937945883,1.0,-7492,0.1487330984946332,-980,0.18196994976463274,0,0.9999990000010001,-980.0,0.4601170145961924,-417,-154,-52,-3,-81,0,0,0.2564059364996707,-863.3272887687792,0.09978880224524407,0.0,0.9999990000010001,0.7889908256880734
2,1187,194,1,194.0,0.7216494845360825,0,0,0,0,6,0,0,0.18556701030927836,109.91732993162297,1.0,1281,191,1,191.0,0.6073298429319371,0,0,0,0,4,0,0,0.18848167539267016,103.30292560515753,1.0,-94,0.9266198275358158,3,1.015706800964886,0,0.9999990000010001,3.0,0.11431964160414532,0,0,0,0,2,0,0,-0.002914665083391804,6.614404326465447,1.064029195917623,0.0,0.9999990000010001,0.4712041884816754
1,1454,211,1,211.0,0.7914691943127962,0,0,0,0,4,0,0,0.18009478672985782,134.41827968231414,1.0,1843,285,1,285.0,0.8245614035087719,0,0,0,0,6,0,0,0.2596491228070175,146.01491665041044,1.0,-389,0.7889310901850618,-74,0.7403508745952601,0,0.9999990000010001,-74.0,-0.033092209195975775,0,0,0,0,-2,0,0,-0.0795543360771597,-11.596636968096306,0.9205790877075928,0.0,0.9999990000010001,0.45023696682464454
2,1657,267,1,267.0,0.7827715355805244,0,0,0,0,4,0,0,0.23220973782771537,137.33619390155556,1.0,1270,187,1,187.0,0.7165775401069518,0,0,0,0,0,0,0,0.1925133689839572,104.76113858690367,1.0,387,1.3047244084214766,80,1.427807478995682,0,0.9999990000010001,80.0,0.06619399547357252,0,0,0,0,4,0,0,0.039696368843758156,32.57505531465189,1.3109459714079337,0.0,0.9999990000010001,0.6363636363636364
1,1973,301,1,301.0,0.7408637873754153,0,0,0,0,0,0,0,0.3853820598006645,93.87317995506221,1.0,1997,301,1,301.0,0.7342192691029901,0,0,0,0,0,0,0,0.3787375415282392,95.01326447920452,1.0,-24,0.987981972464706,0,0.9999999966777409,0,0.9999990000010001,0.0,0.006644518272425182,0,0,0,0,0,0,0,0.006644518272425293,-1.1400845241423099,0.9880007752770918,0.0,0.9999990000010001,0.8770764119601329
2,1978,302,1,302.0,0.7284768211920529,0,0,0,0,0,0,0,0.3509933774834437,112.60235843436926,1.0,2120,337,1,337.0,0.7477744807121661,0,0,0,0,0,0,0,0.37091988130563797,121.31767989732424,1.0,-142,0.9330188674844251,-35,0.896142430575245,0,0.9999990000010001,-35.0,-0.019297659520113197,0,0,0,0,0,0,0,-0.01992650382219424,-8.715321462954975,0.9281611517917897,0.0,0.9999990000010001,0.7748344370860927
1,1050,189,1,189.0,0.7724867724867724,0,0,0,0,0,0,0,0.328042328042328,81.72560428525168,1.0,9347,1232,1,1232.0,0.29464285714285715,422,181,66,3,94,0,0,0.05032467532467533,1037.4677021125658,1.0,-8297,0.11233550870735685,-1043,0.15340909078457052,0,0.9999990000010001,-1043.0,0.4778439153439153,-422,-181,-66,-3,-94,0,0,0.2777176527176527,-955.7420978273142,0.07877411898227005,0.0,0.9999990000010001,0.6666666666666666
2,1083,182,1,182.0,0.7417582417582418,0,0,0,0,0,0,0,0.32967032967032966,82.93898378824474,1.0,1037,180,1,180.0,0.7555555555555555,0,0,0,0,0,0,0,0.3055555555555556,81.15968889801006,1.0,46,1.0443587260903,2,1.011111105493827,0,0.9999990000010001,2.0,-0.013797313797313748,0,0,0,0,0,0,0,0.024114774114774085,1.7792948902346808,1.0219233697476007,0.0,0.9999990000010001,0.8
1,1281,191,1,191.0,0.6073298429319371,0,0,0,0,4,0,0,0.18848167539267016,103.30292560515753,1.0,1187,194,1,194.0,0.7216494845360825,0,0,0,0,6,0,0,0.18556701030927836,109.91732993162297,1.0,94,1.0791912375069996,-3,0.9845360773992986,0,0.9999990000010001,-3.0,-0.11431964160414532,0,0,0,0,-2,0,0,0.002914665083391804,-6.614404326465447,0.9398238178601688,0.0,0.9999990000010001,0.4712041884816754
1,1052,155,1,155.0,0.7419354838709677,0,0,0,0,2,0,0,0.1935483870967742,75.7347854620693,1.0,2205,342,1,342.0,0.7192982456140351,0,0,0,0,2,0,0,0.42105263157894735,109.6156655527046,1.0,-1153,0.4770975054525635,-187,0.4532163729438118,0,0.9999990000010001,-187.0,0.022637238256932646,0,0,0,0,0,0,0,-0.22750424448217316,-33.8808800906353,0.6909120552184487,0.0,0.9999990000010001,0.6709677419354839
2,0,0,0,0.0,0.0,0,0,0,0,0,0,0,0.0,0.0,0.0,1793,242,1,242.0,0.768595041322314,0,0,0,0,3,0,0,0.049586776859504134,172.4464613596449,1.0,-1793,0.0,-242,0.0,-1,0.0,-242.0,-0.768595041322314,0,0,0,0,-3,0,0,-0.049586776859504134,-172.4464613596449,0.0,-1.0,0.0,0.0
1,1419,203,1,203.0,0.7684729064039408,0,0,0,0,0,0,0,0.29064039408866993,93.71286243362671,1.0,1410,201,1,201.0,0.7761194029850746,0,0,0,0,0,0,0,0.32338308457711445,88.98133411356505,1.0,9,1.0063829780096574,2,1.0099502437315908,0,0.9999990000010001,2.0,-0.00764649658113381,0,0,0,0,0,0,0,-0.032742690488444526,4.731528320061656,1.0531743799306104,0.0,0.9999990000010001,0.8208955223880597
1,1181,183,1,183.0,0.6666666666666666,0,0,0,0,0,0,0,0.2896174863387978,84.09603399254837,1.0,8966,1159,1,1159.0,0.2355478861087144,447,183,82,3,95,0,0,0.03882657463330457,1014.524775645827,1.0,-7785,0.13171983045597593,-976,0.15789473670587165,0,0.9999990000010001,-976.0,0.4311187805579522,-447,-183,-82,-3,-95,0,0,0.2507909117054932,-930.4287416532786,0.08289204554528735,0.0,0.9999990000010001,0.3989071038251366
1,1869,255,1,255.0,0.7372549019607844,0,0,0,0,1,0,0,0.12941176470588237,154.99573943639464,1.0,1774,264,1,264.0,0.7954545454545454,0,0,0,0,4,0,0,0.10227272727272728,156.2812385596277,1.0,95,1.0535512959111886,-9,0.9659090872503444,0,0.9999990000010001,-9.0,-0.058199643493761055,0,0,0,0,-3,0,0,0.027139037433155086,-1.285499123233052,0.9917744437729356,0.0,0.9999990000010001,0.34509803921568627
2,1430,238,1,238.0,0.8319327731092437,0,0,0,0,9,0,0,0.18067226890756302,130.3013615081773,1.0,753,115,1,115.0,0.7652173913043478,0,0,0,0,0,0,0,0.2,60.557809329855516,1.0,677,1.8990703826041562,123,2.069565199395085,0,0.9999990000010001,123.0,0.06671538180489589,0,0,0,0,9,0,0,-0.01932773109243699,69.74355217832179,2.1516854852979654,0.0,0.9999990000010001,0.4956521739130435
1,1160,165,1,165.0,0.793939393939394,0,0,0,0,4,0,0,0.18181818181818182,102.31945846747811,1.0,1372,227,1,227.0,0.801762114537445,0,0,0,0,4,0,0,0.20704845814977973,119.4544198119647,1.0,-212,0.8454810489464423,-62,0.7268722434939549,0,0.9999990000010001,-62.0,-0.007822720598051003,0,0,0,0,0,0,0,-0.02523027633159791,-17.134961344486584,0.8565564821459473,0.0,0.9999990000010001,0.5333333333333333
1,663,103,1,103.0,0.7961165048543689,0,0,0,0,2,0,0,0.13592233009708737,71.48948447569052,1.0,2047,302,1,302.0,0.7880794701986755,0,0,0,0,8,0,0,0.22847682119205298,155.12695898339055,1.0,-1384,0.3238886173307823,-199,0.3410596015196702,0,0.9999990000010001,-199.0,0.008037034655693387,0,0,0,0,-6,0,0,-0.09255449109496561,-83.63747450770003,0.46084500388162636,0.0,0.9999990000010001,0.6116504854368932
1,1700,266,1,266.0,0.7368421052631579,0,0,0,0,0,0,0,0.3383458646616541,111.16065092474246,1.0,3618,576,1,576.0,0.8090277777777778,0,0,0,0,12,0,0,0.4375,168.4801518431702,1.0,-1918,0.46987285780268856,-310,0.4618055547538098,0,0.9999990000010001,-310.0,-0.07218567251461994,0,0,0,0,-12,0,0,-0.09915413533834588,-57.31950091842775,0.6597848414122486,0.0,0.9999990000010001,0.6766917293233082
2,1372,227,1,227.0,0.801762114537445,0,0,0,0,4,0,0,0.20704845814977973,119.4544198119647,1.0,1160,165,1,165.0,0.793939393939394,0,0,0,0,4,0,0,0.18181818181818182,102.31945846747811,1.0,212,1.1827586196700355,62,1.3757575674196512,0,0.9999990000010001,62.0,0.007822720598051003,0,0,0,0,0,0,0,0.02523027633159791,17.134961344486584,1.1674653133789559,0.0,0.9999990000010001,0.5333333333333333
2,1175,199,1,199.0,0.7839195979899497,0,0,0,0,6,0,0,0.25125628140703515,102.05225082411083,1.0,1495,225,1,225.0,0.6844444444444444,0,0,0,0,0,0,0,0.3022222222222222,90.75031123922881,1.0,-320,0.7859531767318039,-26,0.8844444405135803,0,0.9999990000010001,-26.0,0.09947515354550529,0,0,0,0,6,0,0,-0.05096594081518707,11.301939584882021,1.1245388396580802,0.0,0.9999990000010001,0.5477386934673367
2,2413,344,1,344.0,0.7616279069767442,0,0,0,0,8,0,0,0.29651162790697677,151.28799504165133,1.0,1402,198,1,198.0,0.7424242424242424,0,0,0,0,0,0,0,0.24242424242424243,97.97436368586416,1.0,1011,1.721112694920747,146,1.7373737285991226,0,0.9999990000010001,146.0,0.019203664552501776,0,0,0,0,8,0,0,0.05408738548273434,53.313631355787166,1.5441589800222437,0.0,0.9999990000010001,0.6717171717171717
2,1630,229,1,229.0,0.7117903930131004,0,0,0,0,6,0,0,0.33624454148471616,97.22895808815773,1.0,884,123,1,123.0,0.6991869918699187,0,0,0,0,4,0,0,0.13008130081300814,79.24444939975865,1.0,746,1.843891400629082,106,1.8617886027496862,0,0.9999990000010001,106.0,0.012603401143181703,0,0,0,0,2,0,0,0.20616324067170802,17.984508688399075,1.2269497434542602,0.0,0.9999990000010001,0.5772357723577236
2,8418,1100,1,1100.0,0.3145454545454546,380,145,49,3,101,0,0,0.04181818181818182,949.2299967383137,1.0,1684,261,1,261.0,0.7969348659003831,0,0,0,0,0,0,0,0.3103448275862069,111.58408713348982,1.0,6734,4.998812348575527,839,4.214559370825443,0,0.9999990000010001,839.0,-0.4823894113549285,380,145,49,3,101,0,0,-0.2685266457680251,837.6459096048239,8.50685803519526,0.0,0.9999990000010001,0.4904214559386973
1,1411,234,1,234.0,0.7222222222222222,0,0,0,0,0,0,0,0.2264957264957265,115.33190836195455,1.0,2130,353,1,353.0,0.7563739376770539,0,0,0,0,2,0,0,0.35410764872521244,121.23320275527217,1.0,-719,0.6624413142429854,-119,0.6628895165357237,0,0.9999990000010001,-119.0,-0.034151715454831644,0,0,0,0,-2,0,0,-0.12761192222948595,-5.901294393317627,0.9513227794818464,0.0,0.9999990000010001,0.7393162393162394
1,672,93,1,93.0,0.7311827956989247,0,0,0,0,1,0,0,0.0,76.18694223701723,1.0,912,138,1,138.0,0.7898550724637681,0,0,0,0,1,0,0,0.10144927536231885,93.37352067763159,1.0,-240,0.736842104455217,-45,0.6739130385948331,0,0.9999990000010001,-45.0,-0.05867227676484332,0,0,0,0,0,0,0,-0.10144927536231885,-17.186578440614355,0.8159373328559852,0.0,0.9999990000010001,0.44086021505376344
1,1203,176,1,176.0,0.7670454545454546,0,0,0,0,2,0,0,0.07386363636363637,125.87069063864126,1.0,906,142,1,142.0,0.8169014084507042,0,0,0,0,3,0,0,0.08450704225352113,91.61632389950225,1.0,297,1.3278145680708449,34,1.2394366109898831,0,0.9999990000010001,34.0,-0.04985595390524966,0,0,0,0,-1,0,0,-0.010643405889884758,34.254366739139016,1.37388932350991,0.0,0.9999990000010001,0.4647887323943662
2,1530,217,1,217.0,0.7788018433179723,0,0,0,0,11,0,0,0.22580645161290322,113.40471982958569,1.0,945,143,1,143.0,0.8181818181818182,0,0,0,0,0,0,0,0.11188811188811189,79.04488864808127,1.0,585,1.619047617334341,74,1.5174825068707518,0,0.9999990000010001,74.0,-0.039379974863845923,0,0,0,0,11,0,0,0.11391833972479133,34.35983118150442,1.4346875596193394,0.0,0.9999990000010001,0.6503496503496503
2,1183,173,1,173.0,0.8092485549132948,0,0,0,0,6,0,0,0.11560693641618497,104.01659188612962,1.0,550,76,1,76.0,0.75,0,0,0,0,0,0,0,0.13157894736842105,48.819437363797725,1.0,633,2.150909086998347,97,2.276315759522161,0,0.9999990000010001,97.0,0.05924855491329484,0,0,0,0,6,0,0,-0.015972010952236076,55.19715452233189,2.1306388473994327,0.0,0.9999990000010001,0.5131578947368421
2,2607,402,1,402.0,0.8134328358208955,0,0,0,0,2,0,0,0.39800995024875624,135.74720178965288,1.0,2609,411,1,411.0,0.8369829683698297,0,0,0,0,2,0,0,0.41362530413625304,129.47491554869643,1.0,-2,0.9992334223843491,-9,0.9781021874012112,0,0.9999990000010001,-9.0,-0.023550132548934122,0,0,0,0,0,0,0,-0.015615353887496797,6.272286240956447,1.048444018410295,0.0,0.9999990000010001,0.7860696517412935
2,1915,294,1,294.0,0.8537414965986394,0,0,0,0,14,0,0,0.30272108843537415,134.41458442757622,1.0,1080,154,1,154.0,0.7792207792207793,0,0,0,0,0,0,0,0.12987012987012986,93.54008279573232,1.0,835,1.7731481465063441,140,1.909090896694215,0,0.9999990000010001,140.0,0.07452071737786015,0,0,0,0,14,0,0,0.1728509585652443,40.8745016318439,1.436973102580316,0.0,0.9999990000010001,0.5
2,1610,270,1,270.0,0.762962962962963,0,0,0,0,0,0,0,0.4,90.823288792043,1.0,1600,266,1,266.0,0.7368421052631579,0,0,0,0,0,0,0,0.39473684210526316,93.0714826043628,1.0,10,1.0062499993710936,4,1.0150375901690316,0,0.9999990000010001,4.0,0.0261208576998051,0,0,0,0,0,0,0,0.0052631578947368585,-2.2481938123197978,0.9758444291929778,0.0,0.9999990000010001,0.9285714285714286
2,1527,244,1,244.0,0.7827868852459017,0,0,0,0,0,0,0,0.29508196721311475,102.6598153340998,1.0,1449,235,1,235.0,0.7574468085106383,0,0,0,0,0,0,0,0.3148936170212766,94.68494089124337,1.0,78,1.05383022701599,9,1.0382978679221369,0,0.9999990000010001,9.0,0.025340076735263395,0,0,0,0,0,0,0,-0.019811649808161858,7.974874442856432,1.084225361325315,0.0,0.9999990000010001,0.7574468085106383
1,550,76,1,76.0,0.75,0,0,0,0,0,0,0,0.13157894736842105,48.819437363797725,1.0,1183,173,1,173.0,0.8092485549132948,0,0,0,0,6,0,0,0.11560693641618497,104.01659188612962,1.0,-633,0.4649196952959258,-97,0.4393063558421598,0,0.9999990000010001,-97.0,-0.05924855491329484,0,0,0,0,-6,0,0,0.015972010952236076,-55.19715452233189,0.4693427847347583,0.0,0.9999990000010001,0.5131578947368421
1,784,123,1,123.0,0.8048780487804879,0,0,0,0,0,0,0,0.18699186991869918,68.19199490431276,1.0,1985,316,1,316.0,0.8449367088607594,0,0,0,0,8,0,0,0.28164556962025317,130.78637087711547,1.0,-1201,0.3949622164257117,-193,0.38924050509734015,0,0.9999990000010001,-193.0,-0.04005866008027159,0,0,0,0,-8,0,0,-0.09465369970155399,-62.59437597280271,0.5213998517244958,0.0,0.9999990000010001,0.5447154471544715
1,951,139,1,139.0,0.7841726618705036,0,0,0,0,0,0,0,0.1079136690647482,97.7359487894694,1.0,3128,460,1,460.0,0.8304347826086956,0,0,0,0,5,0,0,0.13043478260869565,267.78940639477366,1.0,-2177,0.3040281328951317,-321,0.3021739123865785,0,0.9999990000010001,-321.0,-0.046262120738192025,0,0,0,0,-5,0,0,-0.022521113543947452,-170.05345760530426,0.3649731695525492,0.0,0.9999990000010001,0.5035971223021583
2,1498,231,1,231.0,0.7792207792207793,0,0,0,0,5,0,0,0.13852813852813853,148.27634895045384,1.0,1367,175,1,175.0,0.7142857142857143,0,0,0,0,3,0,0,0.022857142857142857,147.7380334600698,1.0,131,1.0958302844946375,56,1.3199999924571428,0,0.9999990000010001,56.0,0.06493506493506496,0,0,0,0,2,0,0,0.11567099567099567,0.5383154903840364,1.003643709572497,0.0,0.9999990000010001,0.2342857142857143
2,2047,302,1,302.0,0.7880794701986755,0,0,0,0,8,0,0,0.22847682119205298,155.12695898339055,1.0,663,103,1,103.0,0.7961165048543689,0,0,0,0,2,0,0,0.13592233009708737,71.48948447569052,1.0,1384,3.0874811416478414,199,2.93203880648506,0,0.9999990000010001,199.0,-0.008037034655693387,0,0,0,0,6,0,0,0.09255449109496561,83.63747450770003,2.1699269193389337,0.0,0.9999990000010001,0.6116504854368932
1,1367,175,1,175.0,0.7142857142857143,0,0,0,0,3,0,0,0.022857142857142857,147.7380334600698,1.0,1498,231,1,231.0,0.7792207792207793,0,0,0,0,5,0,0,0.13852813852813853,148.27634895045384,1.0,-131,0.9125500661464953,-56,0.7575757542962088,0,0.9999990000010001,-56.0,-0.06493506493506496,0,0,0,0,-2,0,0,-0.11567099567099567,-0.5383154903840364,0.996369505382592,0.0,0.9999990000010001,0.2342857142857143
1,1037,180,1,180.0,0.7555555555555555,0,0,0,0,0,0,0,0.3055555555555556,81.15968889801006,1.0,1083,182,1,182.0,0.7417582417582418,0,0,0,0,0,0,0,0.32967032967032966,82.93898378824474,1.0,-46,0.9575253915442978,-2,0.9890109835768628,0,0.9999990000010001,-2.0,0.013797313797313748,0,0,0,0,0,0,0,-0.024114774114774085,-1.7792948902346808,0.9785469294713761,0.0,0.9999990000010001,0.8
1,2681,445,1,445.0,0.7370786516853932,0,0,0,0,0,0,0,0.4696629213483146,110.08734082597908,1.0,7117,934,1,934.0,0.22376873661670235,357,154,59,3,74,0,0,0.011777301927194861,870.1435756908614,1.0,-4436,0.3767036672226073,-489,0.4764453956354974,0,0.9999990000010001,-489.0,0.5133099150686908,-357,-154,-59,-3,-74,0,0,0.45788561942111977,-760.0562348648823,0.12651629429322345,0.0,0.9999990000010001,0.051685393258426963
1,2138,359,1,359.0,0.7437325905292479,0,0,0,0,4,0,0,0.403899721448468,110.34994029515067,1.0,8109,1052,1,1052.0,0.3155893536121673,313,144,43,3,83,0,0,0.039923954372623575,899.8732935732571,1.0,-5971,0.26365766429107684,-693,0.34125475252732435,0,0.9999990000010001,-693.0,0.4281432369170806,-313,-144,-43,-3,-79,0,0,0.3639757670758444,-789.5233532781065,0.12262830885261622,0.0,0.9999990000010001,0.3983286908077994
1,1219,188,1,188.0,0.8085106382978723,0,0,0,0,0,0,0,0.047872340425531915,135.5947008253863,1.0,69,9,1,9.0,0.5555555555555556,0,0,0,0,0,0,0,0.0,6.613805215240195,1.0,1150,17.666666410628025,179,20.888886567901494,0,0.9999990000010001,179.0,0.2529550827423167,0,0,0,0,0,0,0,0.047872340425531915,128.9808956101461,20.5017650068028,0.0,0.9999990000010001,0.1111111111111111
2,1856,268,1,268.0,0.7649253731343284,0,0,0,0,12,0,0,0.23134328358208955,132.54178193834684,1.0,1063,157,1,157.0,0.7834394904458599,0,0,0,0,0,0,0,0.27388535031847133,82.0261882796092,1.0,793,1.7460018798250216,111,1.7070063585540995,0,0.9999990000010001,111.0,-0.01851411731153152,0,0,0,0,12,0,0,-0.04254206673638178,50.51559365873764,1.6158471227590632,0.0,0.9999990000010001,0.6050955414012739
2,9095,1195,1,1195.0,0.2744769874476987,411,172,68,3,89,0,0,0.04435146443514645,1031.107810298681,1.0,1385,216,1,216.0,0.7592592592592593,0,0,0,0,0,0,0,0.2916666666666667,111.11731942472798,1.0,7710,6.5667869988687455,979,5.53240738179441,0,0.9999990000010001,979.0,-0.4847822718115606,411,172,68,3,89,0,0,-0.24731520223152023,919.990490873953,9.279451721454748,0.0,0.9999990000010001,0.5555555555555556
2,2781,409,1,409.0,0.8019559902200489,0,0,0,0,10,0,0,0.25183374083129584,188.07186602840528,1.0,2593,391,1,391.0,0.7953964194373402,0,0,0,0,0,0,0,0.2813299232736573,169.2714077207592,1.0,188,1.0725028919890078,18,1.046035802951315,0,0.9999990000010001,18.0,0.006559570782708746,0,0,0,0,10,0,0,-0.029496182442361463,18.800458307646068,1.1110669394774193,0.0,0.9999990000010001,0.6240409207161125
1,1251,167,1,167.0,0.7245508982035929,0,0,0,0,0,0,0,0.0718562874251497,128.30256820030763,1.0,874,145,1,145.0,0.8413793103448276,0,0,0,0,0,0,0,0.46206896551724136,34.524114856961035,1.0,377,1.4313501127787756,22,1.1517241299881094,0,0.9999990000010001,22.0,-0.11682841214123474,0,0,0,0,0,0,0,-0.39021267809209165,93.7784533433466,3.716317276071191,0.0,0.9999990000010001,0.05517241379310345
1,1058,164,1,164.0,0.7195121951219512,0,0,0,0,0,0,0,0.39634146341463417,67.68503443860463,1.0,1739,257,1,257.0,0.7626459143968871,0,0,0,0,12,0,0,0.3229571984435798,116.06328824576865,1.0,-681,0.6083956293223717,-93,0.6381322932368393,0,0.9999990000010001,-93.0,-0.04313371927493592,0,0,0,0,-12,0,0,0.07338426497105438,-48.378253807164015,0.5831734985149255,0.0,0.9999990000010001,0.5365853658536586
2,1765,268,1,268.0,0.6865671641791045,0,0,0,0,2,0,0,0.2798507462686567,110.63885588216654,1.0,1413,209,1,209.0,0.6555023923444976,0,0,0,0,0,0,0,0.20574162679425836,106.52380033035594,1.0,352,1.2491153565115956,59,1.2822966445823127,0,0.9999990000010001,59.0,0.031064771834606875,0,0,0,0,2,0,0,0.07410911947439833,4.115055551810599,1.0386303765019502,0.0,0.9999990000010001,0.8277511961722488
2,1460,213,1,213.0,0.7089201877934272,0,0,0,0,0,0,0,0.2535211267605634,106.5658693607491,1.0,1444,211,1,211.0,0.7109004739336493,0,0,0,0,0,0,0,0.27014218009478674,101.84212396367745,1.0,16,1.011080331709778,2,1.0094786682015229,0,0.9999990000010001,2.0,-0.001980286140222054,0,0,0,0,0,0,0,-0.016621053334223368,4.723745397071653,1.0463830109471537,0.0,0.9999990000010001,0.8436018957345972
1,1877,281,1,281.0,0.7259786476868327,0,0,0,0,0,0,0,0.3167259786476868,120.90482207784858,1.0,2767,447,1,447.0,0.7449664429530202,0,0,0,0,0,0,0,0.39149888143176736,133.519499411443,1.0,-890,0.6783520055372779,-166,0.628635345349809,0,0.9999990000010001,-166.0,-0.018987795266187435,0,0,0,0,0,0,0,-0.07477290278408055,-12.614677333594429,0.9055218279373272,0.0,0.9999990000010001,0.6014234875444839
2,1442,215,1,215.0,0.8418604651162791,0,0,0,0,2,0,0,0.20465116279069767,121.30576247965703,1.0,897,122,1,122.0,0.819672131147541,0,0,0,0,0,0,0,0.10655737704918032,81.5978226784531,1.0,545,1.6075808231799544,93,1.7622950675221716,0,0.9999990000010001,93.0,0.022188333968738094,0,0,0,0,2,0,0,0.09809378574151735,39.707939801203935,1.486629875787843,0.0,0.9999990000010001,0.5327868852459017
1,2191,327,1,327.0,0.764525993883792,0,0,0,0,6,0,0,0.3119266055045872,154.5787651196434,1.0,2500,362,1,362.0,0.8093922651933702,0,0,0,0,13,0,0,0.22099447513812154,187.63655885036476,1.0,-309,0.87639999964944,-35,0.9033149146317268,0,0.9999990000010001,-35.0,-0.0448662713095781,0,0,0,0,-7,0,0,0.09093213036646564,-33.05779373072136,0.8238200766573205,0.0,0.9999990000010001,0.5259938837920489
1,848,136,1,136.0,0.8676470588235294,0,0,0,0,0,0,0,0.17647058823529413,83.07887185955843,1.0,792,133,1,133.0,0.8872180451127819,0,0,0,0,4,0,0,0.08270676691729323,87.00687264199746,1.0,56,1.070707069355168,3,1.0225563832890499,0,0.9999990000010001,3.0,-0.019570986289252468,0,0,0,0,-4,0,0,0.0937638213180009,-3.928000782439028,0.9548541210824174,0.0,0.9999990000010001,0.3458646616541353
1,2609,411,1,411.0,0.8369829683698297,0,0,0,0,2,0,0,0.41362530413625304,129.47491554869643,1.0,2607,402,1,402.0,0.8134328358208955,0,0,0,0,2,0,0,0.39800995024875624,135.74720178965288,1.0,2,1.0007671649402505,9,1.0223880571582387,0,0.9999990000010001,9.0,0.023550132548934122,0,0,0,0,0,0,0,0.015615353887496797,-6.272286240956447,0.9537943536805272,0.0,0.9999990000010001,0.7860696517412935
1,2008,326,1,326.0,0.745398773006135,0,0,0,0,0,0,0,0.38650306748466257,122.70938568601268,1.0,8208,1036,1,1036.0,0.22683397683397682,416,186,67,3,90,0,0,0.01447876447876448,965.4420232206709,1.0,-6200,0.24463937618851858,-710,0.31467181436807734,0,0.9999990000010001,-710.0,0.5185647961721582,-416,-186,-67,-3,-90,0,0,0.37202430300589806,-842.7326375346582,0.1271017654167963,0.0,0.9999990000010001,0.09815950920245399
2,2896,443,1,443.0,0.8284424379232506,0,0,0,0,10,0,0,0.30699774266365687,176.28639226085042,1.0,2145,311,1,311.0,0.7877813504823151,0,0,0,0,6,0,0,0.2990353697749196,136.0965768600995,1.0,751,1.3501165494871252,132,1.4244372944551855,0,0.9999990000010001,132.0,0.04066108744093544,0,0,0,0,4,0,0,0.007962372888737246,40.189815400750916,1.2953036368193185,0.0,0.9999990000010001,0.7652733118971061
2,3128,460,1,460.0,0.8304347826086956,0,0,0,0,5,0,0,0.13043478260869565,267.78940639477366,1.0,951,139,1,139.0,0.7841726618705036,0,0,0,0,0,0,0,0.1079136690647482,97.7359487894694,1.0,2177,3.289169292019801,321,3.30935249417732,0,0.9999990000010001,321.0,0.046262120738192025,0,0,0,0,5,0,0,0.022521113543947452,170.05345760530426,2.739927395923529,0.0,0.9999990000010001,0.5035971223021583
1,1793,242,1,242.0,0.768595041322314,0,0,0,0,3,0,0,0.049586776859504134,172.4464613596449,1.0,0,0,0,0.0,0.0,0,0,0,0,0,0,0,0.0,0.0,0.0,1793,1793000000.0,242,242000000.0,1,1000000.0,242.0,0.768595041322314,0,0,0,0,3,0,0,0.049586776859504134,172.4464613596449,172446461.35964492,1.0,1000000.0,0.0
2,8109,1052,1,1052.0,0.3155893536121673,313,144,43,3,83,0,0,0.039923954372623575,899.8732935732571,1.0,2138,359,1,359.0,0.7437325905292479,0,0,0,0,4,0,0,0.403899721448468,110.34994029515067,1.0,5971,3.792797004774183,693,2.9303621088290748,0,0.9999990000010001,693.0,-0.4281432369170806,313,144,43,3,79,0,0,-0.3639757670758444,789.5233532781065,8.154723808745715,0.0,0.9999990000010001,0.3983286908077994
1,1332,212,1,212.0,0.7641509433962265,0,0,0,0,0,0,0,0.2688679245283019,94.12794005555163,1.0,1295,219,1,219.0,0.817351598173516,0,0,0,0,6,0,0,0.2557077625570776,107.41813072466192,1.0,37,1.028571427777165,-7,0.9680365252601072,0,0.9999990000010001,-7.0,-0.053200654777289524,0,0,0,0,-6,0,0,0.013160161971224271,-13.290190669110288,0.876276086208833,0.0,0.9999990000010001,0.4669811320754717
1,1735,271,1,271.0,0.7416974169741697,0,0,0,0,0,0,0,0.33948339483394835,115.37805253042514,1.0,1721,274,1,274.0,0.7737226277372263,0,0,0,0,0,0,0,0.3248175182481752,113.81474462208662,1.0,14,1.0081348047599448,-3,0.9890510912808355,0,0.9999990000010001,-3.0,-0.032025210763056644,0,0,0,0,0,0,0,0.014665876585773174,1.5633079083385155,1.0137355392729985,0.0,0.9999990000010001,0.8302583025830258
2,2205,342,1,342.0,0.7192982456140351,0,0,0,0,2,0,0,0.42105263157894735,109.6156655527046,1.0,1052,155,1,155.0,0.7419354838709677,0,0,0,0,2,0,0,0.1935483870967742,75.7347854620693,1.0,1153,2.0960076025703347,187,2.206451598668054,0,0.9999990000010001,187.0,-0.022637238256932646,0,0,0,0,0,0,0,0.22750424448217316,33.8808800906353,1.4473621789057802,0.0,0.9999990000010001,0.6709677419354839
2,8652,1118,1,1118.0,0.26565295169946335,407,184,71,3,92,0,0,0.03756708407871199,974.8738199892305,1.0,1465,242,1,242.0,0.7479338842975206,0,0,0,0,0,0,0,0.45454545454545453,80.62818992629623,1.0,7187,5.905802043750305,876,4.619834691653575,0,0.9999990000010001,876.0,-0.48228093259805727,407,184,71,3,92,0,0,-0.4169783704667425,894.2456300629342,12.090979703121222,0.0,0.9999990000010001,0.3925619834710744
1,2251,366,1,366.0,0.680327868852459,0,0,0,0,0,0,0,0.3224043715846995,128.97364534882317,1.0,2388,387,1,387.0,0.6847545219638242,0,0,0,0,0,0,0,0.3333333333333333,128.0007588523296,1.0,-137,0.9426298153506576,-21,0.9457364316647637,0,0.9999990000010001,-21.0,-0.004426653111365253,0,0,0,0,0,0,0,-0.010928961748633836,0.9728864964935724,1.0076006228214267,0.0,0.9999990000010001,0.8087431693989071
1,1449,235,1,235.0,0.7574468085106383,0,0,0,0,0,0,0,0.3148936170212766,94.68494089124337,1.0,1527,244,1,244.0,0.7827868852459017,0,0,0,0,0,0,0,0.29508196721311475,102.6598153340998,1.0,-78,0.9489194492803408,-9,0.9631147501511691,0,0.9999990000010001,-9.0,-0.025340076735263395,0,0,0,0,0,0,0,0.019811649808161858,-7.974874442856432,0.9223174584990226,0.0,0.9999990000010001,0.7574468085106383
2,2063,320,1,320.0,0.775,0,0,0,0,0,0,0,0.2875,152.6221593902805,1.0,2011,298,1,298.0,0.7550335570469798,0,0,0,0,0,0,0,0.26174496644295303,138.46889938523498,1.0,52,1.0258577816877883,22,1.0738254997522634,0,0.9999990000010001,22.0,0.01996644295302019,0,0,0,0,0,0,0,0.025755033557046947,14.153260005045524,1.1022125471183037,0.0,0.9999990000010001,0.7583892617449665
1,1495,225,1,225.0,0.6844444444444444,0,0,0,0,0,0,0,0.3022222222222222,90.75031123922881,1.0,1175,199,1,199.0,0.7839195979899497,0,0,0,0,6,0,0,0.25125628140703515,102.05225082411083,1.0,320,1.272340424449072,26,1.1306532606499837,0,0.9999990000010001,26.0,-0.09947515354550529,0,0,0,0,-6,0,0,0.05096594081518707,-11.301939584882021,0.8892533934051632,0.0,0.9999990000010001,0.5477386934673367
2,7117,934,1,934.0,0.22376873661670235,357,154,59,3,74,0,0,0.011777301927194861,870.1435756908614,1.0,2681,445,1,445.0,0.7370786516853932,0,0,0,0,0,0,0,0.4696629213483146,110.08734082597908,1.0,4436,2.6546064891254733,489,2.0988763997778057,0,0.9999990000010001,489.0,-0.5133099150686908,357,154,59,3,74,0,0,-0.45788561942111977,760.0562348648823,7.904120140046107,0.0,0.9999990000010001,0.051685393258426963
1,1080,154,1,154.0,0.7792207792207793,0,0,0,0,0,0,0,0.12987012987012986,93.54008279573232,1.0,1915,294,1,294.0,0.8537414965986394,0,0,0,0,14,0,0,0.30272108843537415,134.41458442757622,1.0,-835,0.5639686681128101,-140,0.5238095220278588,0,0.9999990000010001,-140.0,-0.07452071737786015,0,0,0,0,-14,0,0,-0.1728509585652443,-40.8745016318439,0.6959072372851424,0.0,0.9999990000010001,0.5
2,3618,576,1,576.0,0.8090277777777778,0,0,0,0,12,0,0,0.4375,168.4801518431702,1.0,1700,266,1,266.0,0.7368421052631579,0,0,0,0,0,0,0,0.3383458646616541,111.16065092474246,1.0,1918,2.1282352928657438,310,2.165413525693934,0,0.9999990000010001,310.0,0.07218567251461994,0,0,0,0,12,0,0,0.09915413533834588,57.31950091842775,1.5156455897472962,0.0,0.9999990000010001,0.6766917293233082
2,40482,5013,1,5013.0,0.2990225413923798,1809,687,284,3,318,0,0,0.052264113305405945,4015.217880053657,1.0,1716,271,1,271.0,0.7896678966789668,0,0,0,0,0,0,0,0.3837638376383764,99.5010139641788,1.0,38766,23.590909077161474,4742,18.498154913290943,0,0.9999990000010001,4742.0,-0.4906453552865869,1809,687,284,3,318,0,0,-0.3314997243329705,3915.7168660894786,40.353536911147785,0.0,0.9999990000010001,0.7343173431734318
1,1635,247,1,247.0,0.7773279352226721,0,0,0,0,2,0,0,0.3117408906882591,106.98081870728123,1.0,8788,1106,1,1106.0,0.26582278481012656,399,181,53,3,89,0,0,0.017179023508137433,1008.4464126148267,1.0,-7153,0.18604915792147825,-859,0.22332730540386317,0,0.9999990000010001,-859.0,0.5115051504125455,-399,-181,-53,-3,-87,0,0,0.2945618671801217,-901.4655939075456,0.10608478275390273,0.0,0.9999990000010001,0.22267206477732793
2,912,138,1,138.0,0.7898550724637681,0,0,0,0,1,0,0,0.10144927536231885,93.37352067763159,1.0,672,93,1,93.0,0.7311827956989247,0,0,0,0,1,0,0,0.0,76.18694223701723,1.0,240,1.3571428551232994,45,1.483870951786334,0,0.9999990000010001,45.0,0.05867227676484332,0,0,0,0,0,0,0,0.10144927536231885,17.186578440614355,1.225584289254748,0.0,0.9999990000010001,0.44086021505376344
1,1046,164,1,164.0,0.6585365853658537,0,0,0,0,2,0,0,0.34146341463414637,66.04669949630035,1.0,9578,1179,1,1179.0,0.22985581000848176,448,177,90,3,106,0,0,0.007633587786259542,1100.1018162473265,1.0,-8532,0.10920860303725113,-1015,0.1391009328760806,0,0.9999990000010001,-1015.0,0.4286807753573719,-448,-177,-90,-3,-104,0,0,0.3338298268478868,-1034.0551167510262,0.06003689700428122,0.0,0.9999990000010001,0.1402439024390244
1,897,122,1,122.0,0.819672131147541,0,0,0,0,0,0,0,0.10655737704918032,81.5978226784531,1.0,1442,215,1,215.0,0.8418604651162791,0,0,0,0,2,0,0,0.20465116279069767,121.30576247965703,1.0,-545,0.6220527041455944,-93,0.5674418578258519,0,0.9999990000010001,-93.0,-0.022188333968738094,0,0,0,0,-2,0,0,-0.09809378574151735,-39.707939801203935,0.6726623726508844,0.0,0.9999990000010001,0.5327868852459017
2,1683,260,1,260.0,0.8423076923076923,0,0,0,0,1,0,0,0.19615384615384615,134.97009703151267,1.0,1333,192,1,192.0,0.7916666666666666,0,0,0,0,0,0,0,0.020833333333333332,144.09226570092179,1.0,350,1.2625656404631915,68,1.3541666596137154,0,0.9999990000010001,68.0,0.05064102564102568,0,0,0,0,1,0,0,0.1753205128205128,-9.12216866940912,0.9366921634431422,0.0,0.9999990000010001,0.5364583333333334
2,1843,285,1,285.0,0.8245614035087719,0,0,0,0,6,0,0,0.2596491228070175,146.01491665041044,1.0,1454,211,1,211.0,0.7914691943127962,0,0,0,0,4,0,0,0.18009478672985782,134.41827968231414,1.0,389,1.2675378258132477,74,1.3507108940724601,0,0.9999990000010001,74.0,0.033092209195975775,0,0,0,0,2,0,0,0.0795543360771597,11.596636968096306,1.0862727592499413,0.0,0.9999990000010001,0.45023696682464454
2,2187,364,1,364.0,0.7472527472527473,0,0,0,0,8,0,0,0.4258241758241758,135.01779581960318,1.0,1159,170,1,170.0,0.7764705882352941,0,0,0,0,2,0,0,0.2411764705882353,91.55216371015565,1.0,1028,1.8869715255504989,194,2.1411764579930797,0,0.9999990000010001,194.0,-0.029217840982546872,0,0,0,0,6,0,0,0.1846477052359405,43.465632109447526,1.4747635541666881,0.0,0.9999990000010001,0.6
1,1218,175,1,175.0,0.7428571428571429,0,0,0,0,3,0,0,0.0,118.33016129190283,1.0,1030,150,1,150.0,0.7733333333333333,0,0,0,0,2,0,0,0.0,116.32534780502286,1.0,188,1.1825242706965782,25,1.166666658888889,0,0.9999990000010001,25.0,-0.030476190476190435,0,0,0,0,1,0,0,0.0,2.004813486879968,1.0172345280497745,0.0,0.9999990000010001,0.5266666666666666
2,8966,1159,1,1159.0,0.2355478861087144,447,183,82,3,95,0,0,0.03882657463330457,1014.524775645827,1.0,1181,183,1,183.0,0.6666666666666666,0,0,0,0,0,0,0,0.2896174863387978,84.09603399254837,1.0,7785,7.591871289083936,976,6.333333298724955,0,0.9999990000010001,976.0,-0.4311187805579522,447,183,82,3,95,0,0,-0.2507909117054932,930.4287416532786,12.063883579478185,0.0,0.9999990000010001,0.3989071038251366
2,1501,217,1,217.0,0.815668202764977,0,0,0,0,0,0,0,0.2857142857142857,105.42314106407419,1.0,1388,197,1,197.0,0.8020304568527918,0,0,0,0,0,0,0,0.2639593908629442,103.9395701779836,1.0,113,1.0814121029672823,20,1.1015228370481074,0,0.9999990000010001,20.0,0.01363774591218514,0,0,0,0,0,0,0,0.021754894851341522,1.4835708860905896,1.0142733885591095,0.0,0.9999990000010001,0.766497461928934
1,1314,209,1,209.0,0.7990430622009569,0,0,0,0,0,0,0,0.23923444976076555,110.70790003272909,1.0,1991,317,1,317.0,0.8359621451104101,0,0,0,0,9,0,0,0.3217665615141956,136.2377776858382,1.0,-677,0.6599698640582773,-108,0.6593059916110221,0,0.9999990000010001,-108.0,-0.03691908290945323,0,0,0,0,-9,0,0,-0.08253211175343003,-25.529877653109125,0.812607935189691,0.0,0.9999990000010001,0.41626794258373206
1,1456,204,1,204.0,0.6862745098039216,0,0,0,0,4,0,0,0.19117647058823528,112.89604180046504,1.0,1011,137,1,137.0,0.7153284671532847,0,0,0,0,2,0,0,0.029197080291970802,90.33885305498065,1.0,445,1.4401582577248682,67,1.489051084021525,0,0.9999990000010001,67.0,-0.029053957349363113,0,0,0,0,2,0,0,0.16197939029626449,22.557188745484396,1.2496953053196356,0.0,0.9999990000010001,0.5255474452554745
2,8555,1131,1,1131.0,0.2634836427939876,434,182,68,3,112,0,0,0.034482758620689655,990.00314683363,1.0,1697,259,1,259.0,0.7451737451737451,0,0,0,0,0,0,0,0.3281853281853282,113.67552922343629,1.0,6858,5.041249260435327,872,4.3667953499351535,0,0.9999990000010001,872.0,-0.4816901023797575,434,182,68,3,112,0,0,-0.2937025695646385,876.3276176101938,8.709025987279036,0.0,0.9999990000010001,0.4015444015444015
1,1163,188,1,188.0,0.7872340425531915,0,0,0,0,0,0,0,0.22340425531914893,90.3392044936427,1.0,1802,291,1,291.0,0.8797250859106529,0,0,0,0,9,0,0,0.3127147766323024,142.8817276360957,1.0,-639,0.6453940063011132,-103,0.6460481077455391,0,0.9999990000010001,-103.0,-0.09249104335746139,0,0,0,0,-9,0,0,-0.08931052131315348,-52.54252314245299,0.6322656182563894,0.0,0.9999990000010001,0.42021276595744683
2,2388,387,1,387.0,0.6847545219638242,0,0,0,0,0,0,0,0.3333333333333333,128.0007588523296,1.0,2251,366,1,366.0,0.680327868852459,0,0,0,0,0,0,0,0.3224043715846995,128.97364534882317,1.0,137,1.060861838711301,21,1.0573770462913195,0,0.9999990000010001,21.0,0.004426653111365253,0,0,0,0,0,0,0,0.010928961748633836,-0.9728864964935724,0.9924566954254957,0.0,0.9999990000010001,0.8087431693989071
2,1371,211,1,211.0,0.7914691943127962,0,0,0,0,8,0,0,0.21800947867298578,120.80426146689328,1.0,962,147,1,147.0,0.7891156462585034,0,0,0,0,0,0,0,0.2653061224489796,75.85203875050416,1.0,409,1.4251559236744742,64,1.435374139895414,0,0.9999990000010001,64.0,0.0023535480542927756,0,0,0,0,8,0,0,-0.047296643775993824,44.952222716389116,1.592630361217021,0.0,0.9999990000010001,0.5238095238095238
1,1993,307,1,307.0,0.8143322475570033,0,0,0,0,0,0,0,0.36482084690553745,104.10818980217987,1.0,1942,298,1,298.0,0.8355704697986577,0,0,0,0,0,0,0,0.33221476510067116,103.46993360689184,1.0,51,1.0262615854653647,9,1.0302013388248277,0,0.9999990000010001,9.0,-0.021238222241654392,0,0,0,0,0,0,0,0.032606081804866294,0.6382561952880224,1.0061685087336039,0.0,0.9999990000010001,0.7919463087248322
